Day	Block
2021-03-08	12000001
2021-03-09	12000721
2021-03-10	12007150
2021-03-11	12013667
2021-03-12	12020108
2021-03-13	12026532
2021-03-14	12033058
2021-03-15	12039597
2021-03-16	12046034
2021-03-17	12052573
2021-03-18	12059030
2021-03-19	12065515
2021-03-20	12072024
2021-03-21	12078551
2021-03-22	12085008
2021-03-23	12091493
2021-03-24	12097968
2021-03-25	12104457
2021-03-26	12110968
2021-03-27	12117509
2021-03-28	12123985
2021-03-29	12130202
2021-03-30	12136680
2021-03-31	12143246
2021-04-01	12149727
2021-04-02	12156185
2021-04-03	12162711
2021-04-04	12169181
2021-04-05	12175763
2021-04-06	12182255
2021-04-07	12188771
2021-04-08	12195277
2021-04-09	12201769
2021-04-10	12208218
2021-04-11	12214753
2021-04-12	12221317
2021-04-13	12227845
2021-04-14	12234328
2021-04-15	12240767
2021-04-16	12247282
2021-04-17	12253707
2021-04-18	12260147
2021-04-19	12266684
2021-04-20	12273073
2021-04-21	12279660
2021-04-22	12286123
2021-04-23	12292585
2021-04-24	12299067
2021-04-25	12305526
2021-04-26	12312013
2021-04-27	12318524
2021-04-28	12325023
2021-04-29	12331492
2021-04-30	12337959
2021-05-01	12344379
2021-05-02	12350909
2021-05-03	12357326
2021-05-04	12363818
2021-05-05	12370342
2021-05-06	12376816
2021-05-07	12383329
2021-05-08	12389734
2021-05-09	12396248
2021-05-10	12402729
2021-05-11	12409233
2021-05-12	12415683
2021-05-13	12422133
2021-05-14	12428659
2021-05-15	12435118
2021-05-16	12441601
2021-05-17	12448058
2021-05-18	12454490
2021-05-19	12460959
2021-05-20	12467368
2021-05-21	12473839
2021-05-22	12480258
2021-05-23	12486693
2021-05-24	12493181
2021-05-25	12499634
2021-05-26	12506049
2021-05-27	12512496
2021-05-28	12518896
2021-05-29	12525366
2021-05-30	12531825
2021-05-31	12538274
2021-06-01	12544712
2021-06-02	12551161
2021-06-03	12557671
2021-06-04	12564077
2021-06-05	12570590
2021-06-06	12577009
2021-06-07	12583535
2021-06-08	12589969
2021-06-09	12596446
2021-06-10	12602879
2021-06-11	12609355
2021-06-12	12615798
2021-06-13	12622222
2021-06-14	12628688
2021-06-15	12635162
2021-06-16	12641663
2021-06-17	12648034
2021-06-18	12654511
2021-06-19	12660942
2021-06-20	12667351
2021-06-21	12673774
2021-06-22	12680173
2021-06-23	12686617
2021-06-24	12692997
2021-06-25	12699406
2021-06-26	12705746
2021-06-27	12712182
2021-06-28	12718639
2021-06-29	12725114
2021-06-30	12731463
2021-07-01	12737969
2021-07-02	12744302
2021-07-03	12750793
2021-07-04	12757185
2021-07-05	12763602
2021-07-06	12770053
2021-07-07	12776460
2021-07-08	12782858
2021-07-09	12789307
2021-07-10	12795726
2021-07-11	12802179
2021-07-12	12808585
2021-07-13	12815023
2021-07-14	12821328
2021-07-15	12827672
2021-07-16	12834098
2021-07-17	12840423
2021-07-18	12846789
2021-07-19	12853144
2021-07-20	12859570
2021-07-21	12865970
2021-07-22	12872344
2021-07-23	12878749
2021-07-24	12885169
2021-07-25	12891588
2021-07-26	12897979
2021-07-27	12904332
2021-07-28	12910615
2021-07-29	12916909
2021-07-30	12923235
2021-07-31	12929515
2021-08-01	12935810
2021-08-02	12942173
2021-08-03	12948490
2021-08-04	12954859
2021-08-05	12961207
2021-08-06	12967524
2021-08-07	12973948
2021-08-08	12980529
2021-08-09	12987023
2021-08-10	12993534
2021-08-11	13000037
2021-08-12	13006445
2021-08-13	13012938
2021-08-14	13019417
2021-08-15	13025877
2021-08-16	13032351
2021-08-17	13038840
2021-08-18	13045358
2021-08-19	13051781
2021-08-20	13058324
2021-08-21	13064743
2021-08-22	13071208
2021-08-23	13077725
2021-08-24	13084137
2021-08-25	13090670
2021-08-26	13097060
2021-08-27	13103596
2021-08-28	13110011
2021-08-29	13116470
2021-08-30	13122954
2021-08-31	13129441
2021-09-01	13135896
2021-09-02	13142319
2021-09-03	13148889
2021-09-04	13155329
2021-09-05	13161797
2021-09-06	13168274
2021-09-07	13174740
2021-09-08	13181214
2021-09-09	13187688
2021-09-10	13194159
2021-09-11	13200582
2021-09-12	13207023
2021-09-13	13213521
2021-09-14	13219963
2021-09-15	13226403
2021-09-16	13232883
2021-09-17	13239335
2021-09-18	13245796
2021-09-19	13252293
2021-09-20	13258775
2021-09-21	13265228
2021-09-22	13271726
2021-09-23	13278142
2021-09-24	13284548
2021-09-25	13291009
2021-09-26	13297565
2021-09-27	13303982
2021-09-28	13310417
2021-09-29	13316792
2021-09-30	13323244
2021-10-01	13329599
2021-10-02	13336014
2021-10-03	13342445
2021-10-04	13348803
2021-10-05	13355170
2021-10-06	13361574
2021-10-07	13367976
2021-10-08	13374347
2021-10-09	13380734
2021-10-10	13387095
2021-10-11	13393451
2021-10-12	13399826
2021-10-13	13406219
2021-10-14	13412553
2021-10-15	13418845
2021-10-16	13425181
2021-10-17	13431603
2021-10-18	13438014
2021-10-19	13444322
2021-10-20	13450738
2021-10-21	13457115
2021-10-22	13463558
2021-10-23	13469977
2021-10-24	13476377
2021-10-25	13482705
2021-10-26	13489141
2021-10-27	13495544
2021-10-28	13501908
2021-10-29	13508257
2021-10-30	13514645
2021-10-31	13520996
2021-11-01	13527622
2021-11-02	13534025
2021-11-03	13540324
2021-11-04	13546700
2021-11-05	13552999
2021-11-06	13559426
2021-11-07	13565779
2021-11-08	13572229
2021-11-09	13578562
2021-11-10	13584945
2021-11-11	13591335
2021-11-12	13597699
2021-11-13	13604105
2021-11-14	13610444
2021-11-15	13616792
2021-11-16	13623124
2021-11-17	13629362
2021-11-18	13635759
2021-11-19	13642132
2021-11-20	13648325
2021-11-21	13654653
2021-11-22	13660949
2021-11-23	13667296
2021-11-24	13673627
2021-11-25	13679973
2021-11-26	13686259
2021-11-27	13692510
2021-11-28	13698857
2021-11-29	13705116
2021-11-30	13711337
2021-12-01	13717596
2021-12-02	13723832
2021-12-03	13730069
2021-12-04	13736341
2021-12-05	13742525
2021-12-06	13748749
2021-12-07	13755041
2021-12-08	13761314
2021-12-09	13767562
2021-12-10	13773808
2021-12-11	13780237
2021-12-12	13786687
2021-12-13	13793238
2021-12-14	13799734
2021-12-15	13806113
2021-12-16	13812572
2021-12-17	13819000
2021-12-18	13825460
2021-12-19	13831965
2021-12-20	13838401
2021-12-21	13844960
2021-12-22	13851402
2021-12-23	13857804
2021-12-24	13864271
2021-12-25	13870732
2021-12-26	13877169
2021-12-27	13883655
2021-12-28	13890120
2021-12-29	13896574
2021-12-30	13903090
2021-12-31	13909528
2022-01-01	13915898
2022-01-02	13922379
2022-01-03	13928887
2022-01-04	13935373
2022-01-05	13941835
2022-01-06	13948293
2022-01-07	13954705
2022-01-08	13961137
2022-01-09	13967654
2022-01-10	13974165
2022-01-11	13980582
2022-01-12	13987102
2022-01-13	13993555
2022-01-14	14000001
2022-01-15	14006470
2022-01-16	14012929
2022-01-17	14019388
2022-01-18	14025906
2022-01-19	14032381
2022-01-20	14038832
2022-01-21	14045324
2022-01-22	14051731
2022-01-23	14058251
2022-01-24	14064734
2022-01-25	14071160
2022-01-26	14077624
2022-01-27	14084067
2022-01-28	14090543
2022-01-29	14097013
2022-01-30	14103512
2022-01-31	14110027
2022-02-01	14116506
2022-02-02	14122991
2022-02-03	14129451
2022-02-04	14135847
2022-02-05	14142427
2022-02-06	14148823
2022-02-07	14155343
2022-02-08	14161831
2022-02-09	14168272
2022-02-10	14174705
2022-02-11	14181161
2022-02-12	14187650
2022-02-13	14194138
2022-02-14	14200624
2022-02-15	14207065
2022-02-16	14213568
2022-02-17	14220010
2022-02-18	14226504
2022-02-19	14232897
2022-02-20	14239300
2022-02-21	14245805
2022-02-22	14252246
2022-02-23	14258708
2022-02-24	14265205
2022-02-25	14271663
2022-02-26	14278109
2022-02-27	14284578
2022-02-28	14291083
2022-03-01	14297481
2022-03-02	14303989
2022-03-03	14310425
2022-03-04	14316861
2022-03-05	14323336
2022-03-06	14329719
2022-03-07	14336127
2022-03-08	14342558
2022-03-09	14348992
2022-03-10	14355452
2022-03-11	14361950
2022-03-12	14368301
2022-03-13	14374789
2022-03-14	14381148
2022-03-15	14387578
2022-03-16	14394003
2022-03-17	14400384
2022-03-18	14406817
2022-03-19	14413229
2022-03-20	14419671
2022-03-21	14426083
2022-03-22	14432513
2022-03-23	14438958
2022-03-24	14445408
2022-03-25	14451797
2022-03-26	14458229
2022-03-27	14464631
2022-03-28	14470800
2022-03-29	14477236
2022-03-30	14483674
2022-03-31	14490084
2022-04-01	14496497
2022-04-02	14502930
2022-04-03	14509292
2022-04-04	14515691
2022-04-05	14522058
2022-04-06	14528482
2022-04-07	14534881
2022-04-08	14541326
2022-04-09	14547660
2022-04-10	14554091
2022-04-11	14560508
2022-04-12	14566924
2022-04-13	14573325
2022-04-14	14579708
2022-04-15	14586105
2022-04-16	14592504
2022-04-17	14598907
2022-04-18	14605299
2022-04-19	14611700
2022-04-20	14618130
2022-04-21	14624519
2022-04-22	14630830
2022-04-23	14637208
2022-04-24	14643627
2022-04-25	14649990
2022-04-26	14656311
2022-04-27	14662636
2022-04-28	14669035
2022-04-29	14675350
2022-04-30	14681754
2022-05-01	14688134
2022-05-02	14694494
2022-05-03	14700794
2022-05-04	14707182
2022-05-05	14713434
2022-05-06	14719717
2022-05-07	14726036
2022-05-08	14732300
2022-05-09	14738632
2022-05-10	14744848
2022-05-11	14751058
2022-05-12	14757383
2022-05-13	14763588
2022-05-14	14769932
2022-05-15	14776158
2022-05-16	14782494
2022-05-17	14788736
2022-05-18	14795023
2022-05-19	14801295
2022-05-20	14807390
2022-05-21	14813549
2022-05-22	14819706
2022-05-23	14825860
2022-05-24	14832046
2022-05-25	14838182
2022-05-26	14844313
2022-05-27	14850399
2022-05-28	14856602
2022-05-29	14862764
2022-05-30	14868917
2022-05-31	14875056
2022-06-01	14881160
2022-06-02	14887281
2022-06-03	14893414
2022-06-04	14899576
2022-06-05	14905494
2022-06-06	14911403
2022-06-07	14917273
2022-06-08	14923161
2022-06-09	14929069
2022-06-10	14934892
2022-06-11	14940765
2022-06-12	14946645
2022-06-13	14952493
2022-06-14	14958309
2022-06-15	14964070
2022-06-16	14969824
2022-06-17	14975647
2022-06-18	14981509
2022-06-19	14987319
2022-06-20	14993065
2022-06-21	14998886
2022-06-22	15004429
2022-06-23	15009758
2022-06-24	15015052
2022-06-25	15020443
2022-06-26	15025795
2022-06-27	15031102
2022-06-28	15036490
2022-06-29	15041832
2022-06-30	15047125
2022-07-01	15052748
2022-07-02	15059103
2022-07-03	15065647
2022-07-04	15072154
2022-07-05	15078620
2022-07-06	15085095
2022-07-07	15091557
2022-07-08	15097963
2022-07-09	15104547
2022-07-10	15110962
2022-07-11	15117438
2022-07-12	15123916
2022-07-13	15130428
2022-07-14	15136811
2022-07-15	15143369
2022-07-16	15149845
2022-07-17	15156297
2022-07-18	15162682
2022-07-19	15169154
2022-07-20	15175663
2022-07-21	15182048
2022-07-22	15188548
2022-07-23	15195031
2022-07-24	15201518
2022-07-25	15207878
2022-07-26	15214250
2022-07-27	15220652
2022-07-28	15227106
2022-07-29	15233542
2022-07-30	15239951
2022-07-31	15246358
2022-08-01	15252793
2022-08-02	15259214
2022-08-03	15265659
2022-08-04	15272022
2022-08-05	15278408
2022-08-06	15284868
2022-08-07	15291313
2022-08-08	15297753
2022-08-09	15304135
2022-08-10	15310535
2022-08-11	15316892
2022-08-12	15323193
2022-08-13	15329547
2022-08-14	15335912
2022-08-15	15342264
2022-08-16	15348514
2022-08-17	15354892
2022-08-18	15361215
2022-08-19	15367510
2022-08-20	15373781
2022-08-21	15380129
2022-08-22	15386477
2022-08-23	15392790
2022-08-24	15399165
2022-08-25	15405441
2022-08-26	15411591
2022-08-27	15417853
2022-08-28	15424080
2022-08-29	15430319
2022-08-30	15436582
2022-08-31	15442858
2022-09-01	15449105
2022-09-02	15455369
2022-09-03	15461654
2022-09-04	15467850
2022-09-05	15474099
2022-09-06	15480291
2022-09-07	15486562
2022-09-08	15492762
2022-09-09	15499055
2022-09-10	15505153
2022-09-11	15511185
2022-09-12	15517235
2022-09-13	15523302
2022-09-14	15529336
2022-09-15	15535283
2022-09-16	15541917
2022-09-17	15549005
2022-09-18	15556131
2022-09-19	15563263
2022-09-20	15570387
2022-09-21	15577525
2022-09-22	15584579
2022-09-23	15591727
2022-09-24	15598893
2022-09-25	15606062
2022-09-26	15613232
2022-09-27	15620377
2022-09-28	15627521
2022-09-29	15634682
2022-09-30	15641836
2022-10-01	15648998
2022-10-02	15656136
2022-10-03	15663309
2022-10-04	15670466
2022-10-05	15677604
2022-10-06	15684747
2022-10-07	15691904
2022-10-08	15699048
2022-10-09	15706218
2022-10-10	15713382
2022-10-11	15720544
2022-10-12	15727712
2022-10-13	15734873
2022-10-14	15742030
2022-10-15	15749193
2022-10-16	15756360
2022-10-17	15763519
2022-10-18	15770668
2022-10-19	15777840
2022-10-20	15784993
2022-10-21	15792155
2022-10-22	15799323
2022-10-23	15806490
2022-10-24	15813655
2022-10-25	15820778
2022-10-26	15827927
2022-10-27	15835094
2022-10-28	15842252
2022-10-29	15849407
2022-10-30	15856554
2022-10-31	15864020
2022-11-01	15871181
2022-11-02	15878319
2022-11-03	15885475
2022-11-04	15892630
2022-11-05	15899797
2022-11-06	15906955
2022-11-07	15914124
2022-11-08	15921290
2022-11-09	15928455
2022-11-10	15935602
2022-11-11	15942762
2022-11-12	15949913
2022-11-13	15957081
2022-11-14	15964253
2022-11-15	15971421
2022-11-16	15978570
2022-11-17	15985721
2022-11-18	15992880
2022-11-19	16000042
2022-11-20	16007204
2022-11-21	16014367
2022-11-22	16021530
2022-11-23	16028680
2022-11-24	16035821
2022-11-25	16042984
2022-11-26	16050138
2022-11-27	16057338
2022-11-28	16064538
2022-11-29	16071738
2022-11-30	16078938
2022-12-01	16086138
2022-12-02	16093338
2022-12-03	16100538
2022-12-04	16107738
2022-12-05	16114938
2022-12-06	16122138
2022-12-07	16129338
2022-12-08	16136538
2022-12-09	16143738
2022-12-10	16150938
2022-12-11	16158138
2022-12-12	16165338
2022-12-13	16172538
2022-12-14	16179738
2022-12-15	16186938
2022-12-16	16194138
2022-12-17	16201338
2022-12-18	16208538
2022-12-19	16215738
2022-12-20	16222938
2022-12-21	16230138
2022-12-22	16237338
2022-12-23	16244538
2022-12-24	16251738
2022-12-25	16258938
2022-12-26	16266138
2022-12-27	16273338
2022-12-28	16280538
2022-12-29	16287738
2022-12-30	16294938
2022-12-31	16302138
2023-01-01	16309338
2023-01-02	16316538
2023-01-03	16323738
2023-01-04	16330938
2023-01-05	16338138
2023-01-06	16345338
2023-01-07	16352538
2023-01-08	16359738
2023-01-09	16366938
2023-01-10	16374138
2023-01-11	16381338
2023-01-12	16388538
2023-01-13	16395738
2023-01-14	16402938
2023-01-15	16410138
2023-01-16	16417338
2023-01-17	16424538
2023-01-18	16431738
2023-01-19	16438938
2023-01-20	16446138
2023-01-21	16453338
2023-01-22	16460538
2023-01-23	16467738
2023-01-24	16474938
2023-01-25	16482138
2023-01-26	16489338
2023-01-27	16496538
2023-01-28	16503738
2023-01-29	16510938
2023-01-30	16518138
2023-01-31	16525338
2023-02-01	16532538
2023-02-02	16539738
2023-02-03	16546938
2023-02-04	16554138
2023-02-05	16561338
2023-02-06	16568538
2023-02-07	16575738
2023-02-08	16582938
2023-02-09	16590138
2023-02-10	16597338
2023-02-11	16604538
2023-02-12	16611738
2023-02-13	16618938
2023-02-14	16626138
2023-02-15	16633338
2023-02-16	16640538
2023-02-17	16647738
2023-02-18	16654938
2023-02-19	16662138
2023-02-20	16669338
2023-02-21	16676538
2023-02-22	16683738
2023-02-23	16690938
2023-02-24	16698138
2023-02-25	16705338
2023-02-26	16712538
2023-02-27	16719738
2023-02-28	16726938
2023-03-01	16734138
2023-03-02	16741338
2023-03-03	16748538
2023-03-04	16755738
2023-03-05	16762938
2023-03-06	16770138
2023-03-07	16777338
2023-03-08	16784538
2023-03-09	16791738
2023-03-10	16798938
2023-03-11	16806138
2023-03-12	16813338
2023-03-13	16820538
2023-03-14	16827738
2023-03-15	16834938
2023-03-16	16842138
2023-03-17	16849338
2023-03-18	16856538
2023-03-19	16863738
2023-03-20	16870938
2023-03-21	16878138
2023-03-22	16885338
2023-03-23	16892538
2023-03-24	16899738
2023-03-25	16906938
2023-03-26	16914138
2023-03-27	16921338
2023-03-28	16928538
2023-03-29	16935738
2023-03-30	16942938
